{"cameraMode":{"drawMode":0,"name":"Shaded","section":"Shading Mode"},"sceneLighting":false,"audioPlay":false,"sceneViewState":{"m_AlwaysRefresh":false,"showFog":true,"showSkybox":false,"showFlares":true,"showImageEffects":true,"showParticleSystems":true,"showVisualEffectGraphs":true,"m_FxEnabled":true},"in2DMode":false,"pivot":{"x":12.425679206848145,"y":4.579255104064941,"z":5.379558563232422},"rotation":{"x":0.02847776934504509,"y":-0.8731501698493958,"z":0.051416635513305667,"w":0.4839504361152649},"size":0.061237283051013949,"orthographic":false}